<shipment>.  (a box), - bunch of pieces,,,,,,,,,,,,,,,,,,,,,,,,
,XML Field,Type,CBS Storage IGNORE,Classify Storage - USE,Notes,,,,,,,,,,,,,,,,,,,,
,LOCAL_SHIPMENT_OID_NBR,long,SHIPMENT.OID_NBR,SHIPMENT.LOCAL_SHIPMENT_OID_NBR,PK,,,,,,,,,,,,,,,,,,,,
,AWB_NBR,string,SHIPMENT.TRACKING_NBR,SHIPMENT.AWB_NBR,Also TRACKING_ID_NBR in Classify,,,,,,,,,,,,,,,,,,,,
,BASE_CHARGE_AMT,double,SHIPMENT.BASE_CHARGE_AMT,,No data in prod on both DB,,,,,,,,,,,,,,,,,,,,
,CARGO_DESC,string,SHIPMENT.CARGO_DESC,,No data in prod on both DB (very old in classify ),,,,,,,,,,,,,,,,,,,,
,CARGO_QTY,long,SHIPMENT.CARGO_QTY,,No data in prod on both DB,,,,,,,,,,,,,,,,,,,,
,CARRIAGE_VALUE_AMT,double,SHIPMENT.CARRIAGE_VALUE_AMT,SHIPMENT.CARRIAGE_VALUE_AMT,,,,,,,,,,,,,,,,,,,,,
,CASH_IN_ADVANCE_FLG,string,SHIPMENT.CASH_IN_ADVANCE_FLG,,"very old in classify, but cbs has data",,,,,,,,,,,,,,,,,,,,
,CI_SEQ_NBR,string,SHIPMENT.CI_SEQ_NBR,SHIPMENT.CI_SEQ_NBR,,,,,,,,,,,,,,,,,,,,,
,COMAT_FLG,string,SHIPMENT.COMAT_FLG,SHIPMENT.COMAT_FLG,,,,,,,,,,,,,,,,,,,,,
,CONSOLIDATED_FREIGHT_FLG,string,SHIPMENT.CONSOLIDATED_FREIGHT_FLG,,No data in prod on both DB,,,,,,,,,,,,,,,,,,,,
,CONTAINER_NBR,string,SHIPMENT.CONTAINER_NBR,SHIPMENT.CONTAINER_NBR,,,,,,,,,,,,,,,,,,,,,
,CONTRACT_WGT_TYPE_CD,string,SHIPMENT.CONTRACT_WGT_TYPE_CD,SHIPMENT.CONTRACT_WGT_TYPE_CD,,,,,,,,,,,,,,,,,,,,,
,CREATE_DT,date,SHIPMENT.CREATE_DT,SHIPMENT.CREATE_DT,,,,,,,,,,,,,,,,,,,,,
,CSA_FLG,string,SHIPMENT.CSA_FLG,,no data in classify,,,,,,,,,,,,,,,,,,,,
,CUSTOMER_SEQ_NBR,int,SHIPMENT.CUSTOMER_SEQ_NBR,,No data in prod on both DB,,,,,,,,,,,,,,,,,,,,
,CUSTOMS_CLEARANCE_CD,string,SHIPMENT.CUSTOMS_CLEARANCE_CD,SHIPMENT.CUSTOMS_CLEARANCE_CD,,,,,,,,,,,,,,,,,,,,,
,CUSTOMS_CLEARANCE_ENTRY_FLG,string,SHIPMENT.CUSTOMS_CLEARANCE_ENTRY_FLG,SHIPMENT.CUSTOMS_CLEARANCE_ENTRY_FLG,,,,,,,,,,,,,,,,,,,,,
,CUSTOMS_VALUE_AMT,double,SHIPMENT.CUSTOMS_VALUE_AMT,SHIPMENT.CUSTOMS_VALUE_AMT,,,,,,,,,,,,,,,,,,,,,
,DANG_GOODS_CD,string,SHIPMENT.DANG_GOODS_CD,SHIPMENT.DANG_GOODS_CD,,,,,,,,,,,,,,,,,,,,,
,DATA_ENTRY_LOCATION_CD,string,SHIPMENT.DATA_ENTRY_LOCATION_CD,SHIPMENT.DATA_ENTRY_LOCATION_CD,,,,,,,,,,,,,,,,,,,,,
,DELETED_FLG,string,SHIPMENT.DELETED_FLG,SHIPMENT.DELETED_FLG,,,,,,,,,,,,,,,,,,,,,
,DEST_CUSTOMS_CURRENCY_CD,string,SHIPMENT.DEST_CUSTOMS_CURRENCY_CD,,no data in classify,,,,,,,,,,,,,,,,,,,,
,DEST_CUSTOMS_VALUE_AMT,double,SHIPMENT.DEST_CUSTOMS_VALUE_AMT,SHIPMENT.DEST_CUSTOMS_VALUE_AMT,,,,,,,,,,,,,,,,,,,,,
,DEST_EEC_FLG,string,SHIPMENT.DEST_EEC_FLG,SHIPMENT.DEST_EEC_FLG,,,,,,,,,,,,,,,,,,,,,
,DEST_LOCATION_CD,string,SHIPMENT.DEST_LOCATION_CD,SHIPMENT.DEST_LOCATION_CD,,,,,,,,,,,,,,,,,,,,,
,DEST_LOC_CNTRY_CD,string,SHIPMENT.DEST_LOC_CNTRY_CD,SHIPMENT.DEST_LOC_CNTRY_CD,,,,,,,,,,,,,,,,,,,,,
,DEST_LOC_STATE_CD,string,,,,,,,,,,,,,,,,,,,,,,,
,DIM_HEIGHT_QTY,int,SHIPMENT.DIM_HEIGHT_QTY,SHIPMENT.DIM_HEIGHT_QTY,,,,,,,,,,,,,,,,,,,,,
,DIM_LENGTH_QTY,int,SHIPMENT.DIM_LENGTH_QTY,SHIPMENT.DIM_LENGTH_QTY,,,,,,,,,,,,,,,,,,,,,
,DIM_WGT,double,SHIPMENT.DIM_WGT,SHIPMENT.DIM_WGT,,,,,,,,,,,,,,,,,,,,,
,DIM_WIDTH_QTY,int,SHIPMENT.DIM_WIDTH_QTY,SHIPMENT.DIM_WIDTH_QTY,,,,,,,,,,,,,,,,,,,,,
,DIM_SHIPMENT._FLG,string,SHIPMENT.DIM_SHIPMENT._FLG,,"no data in cbs, in classify populated from UI",,,,,,,,,,,,,,,,,,,,
,DISCHARGE_LOCATION_CD,string,SHIPMENT.DISCHARGE_LOCATION_CD,,No data in prod on both DB,,,,,,,,,,,,,,,,,,,,
,DROP_DSCNT_CD,string,SHIPMENT.DROP_DSCNT_CD,SHIPMENT.DROP_DSCNT_CD,,,,,,,,,,,,,,,,,,,,,
,DUTIABLE_FLG,string,SHIPMENT.DUTIABLE_FLG,SHIPMENT.DUTIABLE_FLG,,,,,,,,,,,,,,,,,,,,,
,DUTY_BILL_TO_ACCT_NBR,int,SHIPMENT.DUTY_BILL_TO_ACCT_NBR,SHIPMENT.DUTY_BILL_TO_ACCT_NBR- condition based,,,,,,,,,,,,,,,,,,,,,
,DUTY_BILL_TO_CD,string,SHIPMENT.DUTY_BILL_TO_CD,SHIPMENT.DUTY_BILL_TO_CD - condition based,,,,,,,,,,,,,,,,,,,,,
,DUTY_CASH_FLG,string,SHIPMENT.DUTY_CASH_FLG,SHIPMENT.DUTY_CASH_FLG,,,,,,,,,,,,,,,,,,,,,
,DUTY_CREDIT_CARD_FLG,string,SHIPMENT.DUTY_CREDIT_CARD_FLG,SHIPMENT.DUTY_CREDIT_CARD_FLG,,,,,,,,,,,,,,,,,,,,,
,ECS_FILING_STATUS_CD,string,SHIPMENT.ECS_FILING_STATUS_CD,SHIPMENT.ECS_FILING_STATUS_CD,,,,,,,,,,,,,,,,,,,,,
,EXPORT_COUNTRY_CD,string,SHIPMENT.EXPORT_COUNTRY_CD,SHIPMENT.EXPORT_COUNTRY_CD,,,,,,,,,,,,,,,,,,,,,
,EXPORT_LICENSE_FLG,string,SHIPMENT.EXPORT_LICENSE_FLG,SHIPMENT.EXPORT_LICENSE_FLG,,,,,,,,,,,,,,,,,,,,,
,FDA_CONFIRMATION_FLG,string,SHIPMENT.FDA_CONFIRMATION_FLG,SHIPMENT.FDA_CONFIRMATION_FLG,,,,,,,,,,,,,,,,,,,,,
,FEDEX_ASSIGNED_MAWB_NBR,string,SHIPMENT.FEDEX_ASSIGNED_MAWB_NBR,SHIPMENT.FEDEX_ASSIGNED_MAWB_NBR,,,,,,,,,,,,,,,,,,,,,
,PLANNED_CLEARANCE_LOCATION_CD,string,SHIPMENT.PLANNED_CLEARANCE_LOC_CD,SHIPMENT.PLANNED_CLEARANCE_LOCATION_CD,,,,,,,,,,,,,,,,,,,,,
,FORM_TYPE_CD,string,SHIPMENT.FORM_TYPE_CD,SHIPMENT.FORM_TYPE_CD,,,,,,,,,,,,,,,,,,,,,
,FREE_DOMICILE_CD,string,SHIPMENT.FREE_DOMICILE_CD,SHIPMENT.FREE_DOMICILE_CD,,,,,,,,,,,,,,,,,,,,,
,FREIGHT_CHARGE_AMT,double,SHIPMENT.FREIGHT_CHARGE_AMT,SHIPMENT.FREIGHT_CHARGE_AMT,,,,,,,,,,,,,,,,,,,,,
,FTSR_NBR,int,SHIPMENT.FTSR_NBR,,No data in prod on both DB,,,,,,,,,,,,,,,,,,,,
,GOODS_CLASS_CD,string,SHIPMENT.GOODS_CLASS_CD,SHIPMENT.GOODS_CLASS_CD,,,,,,,,,,,,,,,,,,,,,
,HAL_FLG,string,SHIPMENT.HAL_FLG,SHIPMENT.HAL_FLG,,,,,,,,,,,,,,,,,,,,,
,HAL_PHONE_NBR,string,SHIPMENT.HAL_PHONE_NBR,SHIPMENT.HAL_PHONE_NBR,,,,,,,,,,,,,,,,,,,,,
,HANDLING_UNIT_QTY,int,SHIPMENT.HANDLING_UNIT_QTY,SHIPMENT.HANDLING_UNIT_QTY,,,,,,,,,,,,,,,,,,,,,
,HAWB_SERIAL_NBR,int,SHIPMENT.HAWB_SERIAL_NBR,SHIPMENT.HAWB_SERIAL_NBR,,,,,,,,,,,,,,,,,,,,,
,INPUT_TMSTP,date,SHIPMENT.INPUT_TMSTP,SHIPMENT.INPUT_TMSTP,,,,,,,,,,,,,,,,,,,,,
,INTERMEDIATE_CONSIGNEE_CD,string,SHIPMENT.INTERMEDIATE_CONSIGNEE_CD,SHIPMENT.INTERMEDIATE_CONSIGNEE_CD,,,,,,,,,,,,,,,,,,,,,
,INVOICE_CD,string,SHIPMENT.INVOICE_CD,SHIPMENT.INVOICE_CD,,,,,,,,,,,,,,,,,,,,,
,KEYED_CURRENCY_CD,string,SHIPMENT.KEYED_CURRENCY_CD,SHIPMENT.KEYED_CURRENCY_CD,,,,,,,,,,,,,,,,,,,,,
,KEYER_NM,string,SHIPMENT.KEYER_NM,SHIPMENT.KEYER_NM,,,,,,,,,,,,,,,,,,,,,
,LAST_MODIFIED_NM,string,SHIPMENT.LAST_MODIFIED_NM,SHIPMENT.LAST_MODIFIED_NM,,,,,,,,,,,,,,,,,,,,,
,LAST_MODIFIED_TMSTP,dateTime,SHIPMENT.LAST_MODIFIED_TMSTP,SHIPMENT.LAST_MODIFIED_TMSTP,,,,,,,,,,,,,,,,,,,,,
,LOCAL_CUSTOMS_VALUE_AMT,double,SHIPMENT.LOCAL_CUSTOMS_VALUE_AMT,SHIPMENT.LOCAL_CUSTOMS_VALUE_AMT,,,,,,,,,,,,,,,,,,,,,
,LOCAL_CUSTOMS_CURRENCY_CD,string,SHIPMENT.LOCAL_CUSTOMS_CURRENCY_CD,SHIPMENT.LOCAL_CUSTOMS_CURRENCY_CD,,,,,,,,,,,,,,,,,,,,,
,MANUF_ORIG_CNTRY_CD,string,SHIPMENT.MANUF_ORIG_CNTRY_CD,SHIPMENT.MANUF_ORIG_CNTRY_CD,,,,,,,,,,,,,,,,,,,,,
,MANIFEST_STATUS_CD,string,SHIPMENT.MANIFEST_STATUS_CD,,"No data in classify, but cbs has",,,,,,,,,,,,,,,,,,,,
,MDE_SOURCE_CD,string,SHIPMENT.MDE_SOURCE_CD,SHIPMENT.MDE_SOURCE_CD,,,,,,,,,,,,,,,,,,,,,
,METER_NBR,int,SHIPMENT.METER_NBR,SHIPMENT.METER_NBR,,,,,,,,,,,,,,,,,,,,,
,ODA_CHARGE_FLG,string,SHIPMENT.ODA_CHARGE_FLG,SHIPMENT.ODA_CHARGE_FLG,,,,,,,,,,,,,,,,,,,,,
,OPA_CHARGE_FLG,string,SHIPMENT.OPA_CHARGE_FLG,SHIPMENT.OPA_CHARGE_FLG,,,,,,,,,,,,,,,,,,,,,
,ORIGIN_LOC_CITY_NM,string,SHIPMENT.ORIGIN_LOC_CITY_NM,SHIPMENT.ORIGIN_LOC_CITY_NM,,,,,,,,,,,,,,,,,,,,,
,ORIGIN_LOC_CNTRY_CD,string,SHIPMENT.ORIGIN_LOC_CNTRY_CD,SHIPMENT.ORIGIN_LOC_CNTRY_CD,,,,,,,,,,,,,,,,,,,,,
,ORIGIN_LOC_STATE_CD,string,,,,,,,,,,,,,,,,,,,,,,,
,ORIGIN_EEC_FLG,string,SHIPMENT.ORIGIN_EEC_FLG,SHIPMENT.ORIGIN_EEC_FLG,,,,,,,,,,,,,,,,,,,,,
,ORIGIN_LOCATION_CD,string,SHIPMENT.ORIGIN_LOCATION_CD,SHIPMENT.ORIGIN_LOCATION_CD,,,,,,,,,,,,,,,,,,,,,
,PACKAGE_MOVEMENT_SCAN_CD,string,SHIPMENT.PACKAGE_MOVEMENT_SCAN_CD,,"No data in classify, but cbs has",,,,,,,,,,,,,,,,,,,,
,PACKAGING_TYPE_CD,string,SHIPMENT.PACKAGING_TYPE_CD,SHIPMENT.PACKAGING_TYPE_CD,,,,,,,,,,,,,,,,,,,,,
,PIECE_QTY,int,SHIPMENT.PIECE_QTY,SHIPMENT.PIECE_QTY,,,,,,,,,,,,,,,,,,,,,
,PKG_MARK_DESC,string,SHIPMENT.PKG_MARK_DESC,SHIPMENT.PKG_MARK_DESC,,,,,,,,,,,,,,,,,,,,,
,PRIOR_NOTICE_NBR,string,SHIPMENT.PRIOR_NOTICE_NBR,SHIPMENT.PRIOR_NOTICE_NBR,,,,,,,,,,,,,,,,,,,,,
,RAMP_TRANSFER_FLG,string,SHIPMENT.RAMP_TRANSFER_FLG,,No data in prod on both DB,,,,,,,,,,,,,,,,,,,,
,RECORD_STATUS_CD,string,SHIPMENT.RECORD_STATUS_CD,SHIPMENT.RECORD_STATUS_CD,,,,,,,,,,,,,,,,,,,,,
,ROD_FLG,string,SHIPMENT.ROD_FLG,SHIPMENT.ROD_FLG,,,,,,,,,,,,,,,,,,,,,
,RPL_FLG,string,SHIPMENT.RPL_FLG,SHIPMENT.RPL_FLG,,,,,,,,,,,,,,,,,,,,,
,SDL_FLG,string,SHIPMENT.SDL_FLG,SHIPMENT.SDL_FLG,,,,,,,,,,,,,,,,,,,,,
,SED_CD,string,SHIPMENT.SED_CD,SHIPMENT.SED_CD,,,,,,,,,,,,,,,,,,,,,
,SED_EXEMPT_NBR,string,SHIPMENT.SED_EXEMPT_NBR,SHIPMENT.SED_EXEMPT_NBR,,,,,,,,,,,,,,,,,,,,,
,SERVICE_CD,string,SHIPMENT.SERVICE_CD,SHIPMENT.SERVICE_CD,,,,,,,,,,,,,,,,,,,,,
,SERVICE_TYPE_CD,string,SHIPMENT.SERVICE_TYPE_CD,SHIPMENT.SERVICE_TYPE_CD,,,,,,,,,,,,,,,,,,,,,
,SHIPMENT._CONTROL_NBR,string,SHIPMENT.SHIPMENT._CONTROL_NBR,,No data in prod on both DB,,,,,,,,,,,,,,,,,,,,
,SHIP_DT,date,SHIPMENT.SHIP_DT,SHIPMENT.SHIP_DT,,,,,,,,,,,,,,,,,,,,,
,SHIPMENT._DESC,string,SHIPMENT.SHIPMENT._DESC,SHIPMENT.SHIPMENT._DESC,,,,,,,,,,,,,,,,,,,,,
,SHIPMENT._ID_NBR,long,SHIPMENT.SHIPMENT._ID_NBR,,No data in prod on both DB,,,,,,,,,,,,,,,,,,,,
,SHIPPER_REFERENCE_DESC,string,SHIPMENT.SHIPPER_REFERENCE_DESC,"not from here, but during classification from ECI lookup",no data in cbs,,,,,,,,,,,,,,,,,,,,
,SPLIT_BILLING_ADDRESS_AMT,double,SHIPMENT.SPLIT_BILLING_ADDRESS_AMT,,No data in prod on both DB,,,,,,,,,,,,,,,,,,,,
,SPLIT_BILLING_KILO_WGT,double,SHIPMENT.SPLIT_BILLING_KILO_WGT,,No data in prod on both DB,,,,,,,,,,,,,,,,,,,,
,SPU_FLG,string,SHIPMENT.SPU_FLG,SHIPMENT.SPU_FLG,,,,,,,,,,,,,,,,,,,,,
,TOTAL_WGT,double,SHIPMENT.TOTAL_WGT,SHIPMENT.TOTAL_WGT,,,,,,,,,,,,,,,,,,,,,
,TOTAL_WGT_UOM_CD,string,SHIPMENT.TOTAL_WGT_UOM_CD,SHIPMENT.TOTAL_WGT_UOM_CD,,,,,,,,,,,,,,,,,,,,,
,TRACKING_ID_NBR,string,SHIPMENT.TRACKING_ID_NBR,SHIPMENT.TRACKING_ID_NBR,,,,,,,,,,,,,,,,,,,,,
,TRACKING_ID_QUAL_NBR,string,SHIPMENT.TRACKING_ID_QUAL_NBR,,No data in prod on both DB,,,,,,,,,,,,,,,,,,,,
,TRANSACTION_SEQ_TMSTP,dateTime,SHIPMENT.TRANSACTION_SEQ_TMSTP,SHIPMENT.TRANSACTION_SEQ_TMSTP,,,,,,,,,,,,,,,,,,,,,
,TRPRT_BILL_TO_ACCT_NBR,int,SHIPMENT.TRPRT_BILL_TO_ACCT_NBR,SHIPMENT.TRPRT_BILL_TO_ACCT_NBR,,,,,,,,,,,,,,,,,,,,,
,TRPRT_BILL_TO_CD,string,SHIPMENT.TRPRT_BILL_TO_CD,SHIPMENT.TRPRT_BILL_TO_CD,,,,,,,,,,,,,,,,,,,,,
,TRPRT_CREDIT_CARD_FLG,string,SHIPMENT.TRPRT_CREDIT_CARD_FLG,SHIPMENT.TRPRT_CREDIT_CARD_FLG,,,,,,,,,,,,,,,,,,,,,
,TRAN_DATA_SOURCE_CD,string,SHIPMENT.TRAN_DATA_SOURCE_CD,SHIPMENT.TRAN_DATA_SOURCE_CD,,,,,,,,,,,,,,,,,,,,,
,UNASSIGN_REASON_CD,string,SHIPMENT.UNASSIGN_REASON_CD,SHIPMENT.UNASSIGN_REASON_CD,,,,,,,,,,,,,,,,,,,,,
,UNLOADING_USA_PORT_CD,string,SHIPMENT.UNLOADING_USA_PORT_CD,,No data in prod on both DB,,,,,,,,,,,,,,,,,,,,
,VALUE_CHANGED_FLG,string,SHIPMENT.VALUE_CHANGED_FLG,,No data in prod on both DB,,,,,,,,,,,,,,,,,,,,
,WEEKDAY_DELIVERY_FLG,string,SHIPMENT.WEEKDAY_DELIVERY_FLG,,CBS has data,,,,,,,,,,,,,,,,,,,,
,XTN_NBR,string,SHIPMENT.XTN_NBR,SHIPMENT.XTN_NBR,,,,,,,,,,,,,,,,,,,,,
,DEST_LOC_CITY_NM,string,,SHIPMENT.DEST_LOC_CITY_NM,CBS ha no data,,,,,,,,,,,,,,,,,,,,
,IMAGE_FOLDER_ID_CD,string,SHIPMENT.IMAGE_FOLDER_ID_CD,SHIPMENT.IMAGE_FOLDER_ID_CD,,,,,,,,,,,,,,,,,,,,,
,ACI_DOWNLOAD_FLG,string,,SHIPMENT.ACI_DOWNLOAD_FLG,not in cbs,,,,,,,,,,,,,,,,,,,,
,BROKER_DEST_LOC_CD,string,,SHIPMENT.BROKER_DEST_LOC_CD,not in cbs,,,,,,,,,,,,,,,,,,,,
,VISA_TRANS_CD,string,,SHIPMENT.VISA_TRANS_CD,,,,,,,,,,,,,,,,,,,,,
,ETL_TMSTP,dateTime,,System genenrated in classify,System field in classify only,,,,,,,,,,,,,,,,,,,,
,SPLIT_SHIPMENT._FLG,string,SHIPMENT.SPLIT_SHIPMENT_FLG,,No data in prod on both DB,,,,,,,,,,,,,,,,,,,,
,SHIPMENT_TYPE_CD,int,Not Stored,Derived from logic - not from xml,Used for type logic - Derived only in classify,,,,,,,,,,,,,,,,,,,,
,CI_IMAGE_FLG,string,,,Added from Clear status JMS message in both,,,,,,,,,,,,,,,,,,,,
,TRPRT_BILL_TO_PYMT_METHOD_CD,int,,SHIPMENT.TRPRT_BILL_TO_PYMT_METHOD_CD,Only classify has data,,,,,,,,,,,,,,,,,,,,
,FINAL_IMPORT_CLEARANCE_LOC_CD,string,,SHIPMENT.FINAL_IMPORT_CLEARANCE_LOC_CD,"cbs has FINAL_CLEARANCE_LOCATION_CD, but no data",,,,,,,,,,,,,,,,,,,,
,OUTBOUND_TRACK_NBR,string,,,not stored anywhere,,,,,,,,,,,,,,,,,,,,
,RETURN_TYPE,string,,,not stored anywhere,,,,,,,,,,,,,,,,,,,,
,RETURN_REASON_CD,string,,,not stored anywhere,,,,,,,,,,,,,,,,,,,,
,RETURN_MERCH_AUTH_NBR,string,,,not stored anywhere,,,,,,,,,,,,,,,,,,,,
,REVENUE_AUTH_ID,string,,,not stored anywhere,,,,,,,,,,,,,,,,,,,,
,,,,,,,,,,,,,,,,,,,,,,,,,
<piece> - box,,,,,,,,,,,,,,,,,,,,,,,,,
,,,,,,,,,,,,,,,,,,,,,,,,,
,XML Field,Type,CBS Storage,Classify Storage,Notes,,,,,,,,,,,,,,,,,,,,
,LOCAL_PIECE_OID_NBR,long,PIECE.OID_NBR,PIECE.LOCAL_PIECE_OID_NBR,PK,,,,,,,,,,,,,,,,,,,,
,LOCAL_SHIPMENT_OID_NBR,long,PIECE.SHIPMENT_OID_NBR,PIECE.LOCAL_SHIPMENT_OID_NBR,FK,,,,,,,,,,,,,,,,,,,,
,ARRIVAL_PORT_CD,string,PIECE.ARRIVAL_PORT_CD,,"Data only in cbs, not in classify",,,,,,,,,,,,,,,,,,,,
,AWB_TYPE_CD,string,PIECE.AWB_TYPE_CD,PIECE.AWB_TYPE_CD,,,,,,,,,,,,,,,,,,,,,
,AWB_FORMAT_CD,string,PIECE.AWB_FORMAT_CD,,no data in both DB,,,,,,,,,,,,,,,,,,,,
,CONTRACT_WGT_TYPE_CD,string,PIECE.CONTRACT_WGT_TYPE_CD,PIECE.CONTRACT_WGT_TYPE_CD,,,,,,,,,,,,,,,,,,,,,
,CUSTOMS_VALUE_AMT,double,PIECE.CUSTOMS_VALUE_AMT,PIECE.CUSTOMS_VALUE_AMT,no data in both DB,,,,,,,,,,,,,,,,,,,,
,DECLN_OID_NBR,long,PIECE.DECLN_OID_NBR,,no data in both DB,,,,,,,,,,,,,,,,,,,,
,DECLN_STATUS_CD,string,PIECE.DECLN_STATUS_CD,,no data in both DB,,,,,,,,,,,,,,,,,,,,
,DEST_LOCATION_CD,string,PIECE.DEST_LOCATION_CD,PIECE.DEST_LOCATION_CD,,,,,,,,,,,,,,,,,,,,,
,DIM_WGT,double,PIECE.DIM_WGT,PIECE.DIM_WGT,,,,,,,,,,,,,,,,,,,,,
,FINAL_DEST_CD,string,PIECE.FINAL_DEST_CD,PIECE.FINAL_DEST_CD,,,,,,,,,,,,,,,,,,,,,
,FORM_TYPE_CD,string,PIECE.FORM_TYPE_CD,PIECE.FORM_TYPE_CD,,,,,,,,,,,,,,,,,,,,,
,HARMONIZED_TARIFF_NBR,string,PIECE.HARMONIZED_TARIFF_NBR,PIECE.HARMONIZED_TARIFF_NBR,,,,,,,,,,,,,,,,,,,,,
,IPD_DOC_NBR,string,PIECE.IPD_DOC_NBR,PIECE.IPD_DOC_NBR,,,,,,,,,,,,,,,,,,,,,
,LAST_FOREIGN_PORT_CD,string,PIECE.LAST_FOREIGN_PORT_CD,,"Data only in cbs, not in classify",,,,,,,,,,,,,,,,,,,,
,LAST_MODIFIED_LOCATION_CD,string,PIECE.LAST_MODIFIED_LOCATION_CD,PIECE.LAST_MODIFIED_LOCATION_CD,,,,,,,,,,,,,,,,,,,,,
,LAST_MODIFIED_NM,string,,,,,,,,,,,,,,,,,,,,,,,
,MANIFEST_STATUS_CD,string,,PIECE.MANIFEST_STATUS_CD,,,,,,,,,,,,,,,,,,,,,
,MANIFEST_TMSTP,dateTime,,,,,,,,,,,,,,,,,,,,,,,
,PAYMENT_OPTION_CD,string,PIECE.PAYMENT_OPTION_CD,PIECE.PAYMENT_OPTION_CD,no data in both DB,,,,,,,,,,,,,,,,,,,,
,PAYOR_ACCOUNT_NBR,int,PIECE.PAYOR_ACCOUNT_NBR,PIECE.PAYOR_ACCOUNT_NBR,,,,,,,,,,,,,,,,,,,,,
,PAYOR_ACCOUNT_TYPE_CD,string,PIECE.PAYOR_ACCOUNT_TYPE_CD,PIECE.PAYOR_ACCOUNT_TYPE_CD,,,,,,,,,,,,,,,,,,,,,
,PIECE_QTY,int,PIECE.PIECE_QTY,PIECE.PIECE_QTY,,,,,,,,,,,,,,,,,,,,,
,PIECE_STATUS_CD,string,PIECE.PIECE_STATUS_CD,PIECE.PIECE_STATUS_CD,,,,,,,,,,,,,,,,,,,,,
,PIECE_TYPE_CD,string,PIECE.PIECE_TYPE_CD,,no data in classify,,,,,,,,,,,,,,,,,,,,
,PORT_OF_EXPORT_CD,string,PIECE.PORT_OF_EXPORT_CD,PIECE.PORT_OF_EXPORT_CD,,,,,,,,,,,,,,,,,,,,,
,PORT_OF_UNLADING_CD,string,PIECE.PORT_OF_UNLADING_CD,PIECE.PORT_OF_UNLADING_CD,,,,,,,,,,,,,,,,,,,,,
,RIH_CLEARANCE_LOC_CD,string,PIECE.RIH_CLEARANCE_LOC_CD,,no data in both DB,,,,,,,,,,,,,,,,,,,,
,SHIPPER_REFERENCE_DESC,string,PIECE.SHIPPER_REFERENCE_DESC,PIECE.SHIPPER_REFERENCE_DESC,,,,,,,,,,,,,,,,,,,,,
,SPLIT_BILLING_BUSINESS_CD,string,,PIECE.SPLIT_BILLING_BUSINESS_CD,"no data in cbs, classify very old",,,,,,,,,,,,,,,,,,,,
,SPLIT_BILLING_ADDRESS_AMT,double,PIECE.SPLIT_BILLING_ADDRESS_AMT,PIECE.SPLIT_BILLING_ADDRESS_AMT,,,,,,,,,,,,,,,,,,,,,
,SPLIT_BILLING_KILO_WGT,double,PIECE.SPLIT_BILLING_KILO_WGT,PIECE.SPLIT_BILLING_KILO_WGT,,,,,,,,,,,,,,,,,,,,,
,SPLIT_BILLING_CURRENCY_CD,string,,PIECE.SPLIT_BILLING_CURRENCY_CD,,,,,,,,,,,,,,,,,,,,,
,TOTAL_WGT,double,PIECE.TOTAL_WGT,PIECE.TOTAL_WGT,,,,,,,,,,,,,,,,,,,,,
,TOTAL_WGT_UOM_CD,string,PIECE.TOTAL_WGT_UOM_CD,PIECE.TOTAL_WGT_UOM_CD,,,,,,,,,,,,,,,,,,,,,
,TRACKING_NBR,string,PIECE.TRACKING_NBR,PIECE.TRACKING_NBR,,,,,,,,,,,,,,,,,,,,,
,TRANSACTION_SEQ_TMSTP,dateTime,PIECE.TRANSACTION_SEQ_TMSTP,PIECE.TRANSACTION_SEQ_TMSTP,,,,,,,,,,,,,,,,,,,,,
,VARIABLE_PCT,int,,,no data in both DB,,,,,,,,,,,,,,,,,,,,
,XREF_NBR,string,PIECE.XREF_NBR,PIECE.XREF_NBR,,,,,,,,,,,,,,,,,,,,,
,ETL_TMSTP,dateTime,,,,,,,,,,,,,,,,,,,,,,,
,SHIPMENT_TYPE_CD,int,,,,,,,,,,,,,,,,,,,,,,,
,SPLIT_SEQ_NBR,int,,PIECE.SPLIT_SEQ_NBR,no data in both DB,,,,,,,,,,,,,,,,,,,,
,PIECE_DELETED_FLG,string,PIECE.DELETED_FLG,PIECE.PIECE_DELETED_FLG,,,,,,,,,,,,,,,,,,,,,
,PIECE_SEQ_NBR,long,,,,,,,,,,,,,,,,,,,,,,,
,,,,,,,,,,,,,,,,,,,,,,,,,
<Consignee><Shipper> (2 parents),,,,,,,,,,,,,,,,,,,,,,,,,
,XML Field,Type,CBS Storage,Classify Storage,Notes,,,,,,,,,,,,,,,,,,,,
,PARTY_OID_NBR,long,SHIPMENT_PARTY.OID_NBR,SHIPMENT_PARTY.PARTY_OID_NBR,PK,,,,,,,,,,,,,,,,,,,,
,OID_NBR,long,Not Stored,SHIPMENT_PARTY.OID_NBR,,,,,,,,,,,,,,,,,,,,,
,OID_TYPE_CD,string,Not Stored,SHIPMENT_PARTY.OID_TYPE_CD,,,,,,,,,,,,,,,,,,,,,
,SHIPMENT_PARTY_TYPE_CD,string,SHIPMENT_PARTY.SHIPMENT_PARTY_TYPE_CD,SHIPMENT_PARTY.SHIPMENT_PARTY_TYPE_CD,,,,,,,,,,,,,,,,,,,,,
,CLEARANCE_LOCATION_CD,string,SHIPMENT_PARTY.CLEARANCE_LOCATION_CD,SHIPMENT_PARTY.CLEARANCE_LOCATION_CD,,,,,,,,,,,,,,,,,,,,,
,ADDRESS_QTY,int,SHIPMENT_PARTY.ADDRESS_QTY,SHIPMENT_PARTY.ADDRESS_QTY,,,,,,,,,,,,,,,,,,,,,
,BROKER_ID_CD,string,SHIPMENT_PARTY.BROKER_ID_CD,SHIPMENT_PARTY.BROKER_ID_CD,,,,,,,,,,,,,,,,,,,,,
,CITY_NM,string,SHIPMENT_PARTY.CITY_NM,SHIPMENT_PARTY.CITY_NM,,,,,,,,,,,,,,,,,,,,,
,CONTACT_PHONE_NBR,string,SHIPMENT_PARTY.CONTACT_PHONE_NBR,SHIPMENT_PARTY.CONTACT_PHONE_NBR,,,,,,,,,,,,,,,,,,,,,
,COUNTRY_CD,string,SHIPMENT_PARTY.COUNTRY_CD,SHIPMENT_PARTY.COUNTRY_CD,,,,,,,,,,,,,,,,,,,,,
,COUNTRY_SUB_ENTITY_CD,string,SHIPMENT_PARTY.COUNTRY_SUB_ENTITY_CD,SHIPMENT_PARTY.COUNTRY_SUB_ENTITY_CD,,,,,,,,,,,,,,,,,,,,,
,CUSTOMER_ACCT_NBR,int,SHIPMENT_PARTY.CUSTOMER_ACCT_NBR,SHIPMENT_PARTY.CUSTOMER_ACCT_NBR,,,,,,,,,,,,,,,,,,,,,
,CUSTOMS_ID_CD,string,SHIPMENT_PARTY.CUSTOMS_ID_CD,SHIPMENT_PARTY.CUSTOMS_ID_CD,"Note logic in CBS to populate CustomsIdCode from RecipId locally, but CUSTOMS_ID_CD from XML is mapped.",,,,,,,,,,,,,,,,,,,,
,CUSTOMS_SELF_ASSESSMENT_FLG,string,SHIPMENT_PARTY.CUSTOMS_SELF_ASSESSMENT_FLG,SHIPMENT_PARTY.CUSTOMS_SELF_ASSESSMENT_FLG,,,,,,,,,,,,,,,,,,,,,
,COMPANY_NM,string,SHIPMENT_PARTY.COMPANY_NM,SHIPMENT_PARTY.COMPANY_NM,,,,,,,,,,,,,,,,,,,,,
,CONTACT_NM,string,SHIPMENT_PARTY.CONTACT_NM,SHIPMENT_PARTY.CONTACT_NM,,,,,,,,,,,,,,,,,,,,,
,EMAIL_NM,string,SHIPMENT_PARTY.EMAIL_NM,SHIPMENT_PARTY.EMAIL_NM,,,,,,,,,,,,,,,,,,,,,
,LAST_MODIFIED_NM,string,SHIPMENT_PARTY.LAST_MODIFIED_NM,Not Stored,,,,,,,,,,,,,,,,,,,,,
,LAST_MODIFIED_TMSTP,dateTime,SHIPMENT_PARTY.LAST_MODIFIED_TMSTP,Not Stored,,,,,,,,,,,,,,,,,,,,,
,POSTAL_CD,string,SHIPMENT_PARTY.POSTAL_CD,SHIPMENT_PARTY.POSTAL_CD,,,,,,,,,,,,,,,,,,,,,
,STATE_CD,string,SHIPMENT_PARTY.STATE_CD,SHIPMENT_PARTY.STATE_CD,,,,,,,,,,,,,,,,,,,,,
,,dateTime,,Not Stored,,,,,,,,,,,,,,,,,,,,,
,SHIPMENT_TYPE_CD,int,,Not Stored,,,,,,,,,,,,,,,,,,,,,
,ADDRESS_1,string,,SHIPMENT_PARTY.ADDRESS_1,,,,,,,,,,,,,,,,,,,,,
,ADDRESS_2,string,,SHIPMENT_PARTY.ADDRESS_2,,,,,,,,,,,,,,,,,,,,,
,ADDRESS_3,string,,SHIPMENT_PARTY.ADDRESS_3,,,,,,,,,,,,,,,,,,,,,
,,,,,,,,,,,,,,,,,,,,,,,,,
,,,,,,,,,,,,,,,,,,,,,,,,,
<commodities> things in box,,,,,,,,,,,,,,,,,,,,,,,,,
,XML Field,Type,CBS Storage,Classify Storage,Notes,,,,,,,,,,,,,,,,,,,,
,LOCAL_SHIPMENT_OID_NBR,long,CORPORATE_SHIPMENT_COMMODITY.SHIPMENT_OID_NBR,SHIPMENT_COMMODITY.LOCAL_SHIPMENT_OID_NBR,FK,,,,,,,,,,,,,,,,,,,,
,SEQUENCE_NBR,int,CORPORATE_SHIPMENT_COMMODITY.SEQUENCE_NBR,Not directly mapped?,Classify uses List index/iteration,,,,,,,,,,,,,,,,,,,,
,CLEARANCE_COUNTRY_CD,string,CORPORATE_SHIPMENT_COMMODITY.CLEARANCE_COUNTRY_CD,Not Stored,,,,,,,,,,,,,,,,,,,,,
,COMMODITY_DESC,string,CORPORATE_SHIPMENT_COMMODITY.COMMODITY_DESC,SHIPMENT_COMMODITY.COMMODITY_DESC,,,,,,,,,,,,,,,,,,,,,
,COMMODITY_WGT,double,CORPORATE_SHIPMENT_COMMODITY.COMMODITY_WGT,SHIPMENT_COMMODITY.COMMODITY_WGT,,,,,,,,,,,,,,,,,,,,,
,COMMODITY_WGT_UOM_CD,string,CORPORATE_SHIPMENT_COMMODITY.COMMODITY_WGT_UOM_CD,SHIPMENT_COMMODITY.COMMODITY_WGT_UOM_CD,,,,,,,,,,,,,,,,,,,,,
,CUSTOMS_VALUE_AMT,double,CORPORATE_SHIPMENT_COMMODITY.CUSTOMS_VALUE_AMT,SHIPMENT_COMMODITY.CUSTOMS_VALUE_AMT,,,,,,,,,,,,,,,,,,,,,
,EXPORT_CARGO_CONTROL_NBR,string,CORPORATE_SHIPMENT_COMMODITY.EXPORT_CARGO_CONTROL_NBR,SHIPMENT_COMMODITY.EXPORT_CARGO_CONTROL_NBR,,,,,,,,,,,,,,,,,,,,,
,EXPORT_LICENSE_EXPR_DT,date,CORPORATE_SHIPMENT_COMMODITY.EXPORT_LICENSE_EXPR_DT,SHIPMENT_COMMODITY.EXPORT_LICENSE_EXPR_DT,,,,,,,,,,,,,,,,,,,,,
,EXPORT_LICENSE_NBR,string,CORPORATE_SHIPMENT_COMMODITY.EXPORT_LICENSE_NBR,SHIPMENT_COMMODITY.EXPORT_LICENSE_NBR,,,,,,,,,,,,,,,,,,,,,
,HARMONIZED_TARIFF_NBR,string,CORPORATE_SHIPMENT_COMMODITY.HARMONIZED_TARIFF_NBR,SHIPMENT_COMMODITY.HARMONIZED_TARIFF_NBR,HS Code,,,,,,,,,,,,,,,,,,,,
,HAZARDOUS_MATERIAL_CD,string,CORPORATE_SHIPMENT_COMMODITY.HAZARDOUS_MATERIAL_CD,Not Stored,,,,,,,,,,,,,,,,,,,,,
,LAST_MODIFIED_NM,string,CORPORATE_SHIPMENT_COMMODITY.LAST_MODIFIED_NM,Not Stored,,,,,,,,,,,,,,,,,,,,,
,LAST_MODIFIED_TMSTP,dateTime,CORPORATE_SHIPMENT_COMMODITY.LAST_MODIFIED_TMSTP,Not Stored,,,,,,,,,,,,,,,,,,,,,
,ORIGIN_COUNTRY_CD,string,CORPORATE_SHIPMENT_COMMODITY.ORIGIN_COUNTRY_CD,SHIPMENT_COMMODITY.ORIGIN_COUNTRY_CD,,,,,,,,,,,,,,,,,,,,,
,OVERSIZE_FLG,string,CORPORATE_SHIPMENT_COMMODITY.OVERSIZE_FLG,SHIPMENT_COMMODITY.OVERSIZE_FLG,,,,,,,,,,,,,,,,,,,,,
,PIECE_QTY,int,CORPORATE_SHIPMENT_COMMODITY.PIECE_QTY,SHIPMENT_COMMODITY.PIECE_QTY,,,,,,,,,,,,,,,,,,,,,
,PACKAGE_QTY,int,CORPORATE_SHIPMENT_COMMODITY.PACKAGE_QTY,SHIPMENT_COMMODITY.PACKAGE_QTY,,,,,,,,,,,,,,,,,,,,,
,TARIFF_SOURCE_CD,string,CORPORATE_SHIPMENT_COMMODITY.TARIFF_SOURCE_CD,Not Stored,,,,,,,,,,,,,,,,,,,,,
,ETL_TMSTP,dateTime,Not Stored,Not Stored,,,,,,,,,,,,,,,,,,,,,
,SHIPMENT_TYPE_CD,int,Not Stored,Not Stored,,,,,,,,,,,,,,,,,,,,,
,PACKAGING_TYPE_CD,string,CORPORATE_SHIPMENT_COMMODITY.PACKAGING_TYPE_CD,Not Stored,,,,,,,,,,,,,,,,,,,,,
,COMMODITY_OID_NBR,long,CORPORATE_SHIPMENT_COMMODITY.OID_NBR,Not Stored,,,,,,,,,,,,,,,,,,,,,
,,,,,,,,,,,,,,,,,,,,,,,,,
,,,,,,,,,,,,,,,,,,,,,,,,,
<virtualRouteLegs> flights etc (just store),,,,,,,,,,,,,,,,,,,,,,,,,
,XML Field,Type,CBS Storage,Classify Storage,Notes,,,,,,,,,,,,,,,,,,,,
,VIRTUAL_ROUTE_NBR,string,VIRTUAL_ROUTE_LEG.VIRTUAL_ROUTE_NBR,VIRTUAL_ROUTE_LEG.VIRTUAL_ROUTE_NBR,,,,,,,,,,,,,,,,,,,,,
,VIRTUAL_ROUTE_DT,date,VIRTUAL_ROUTE_LEG.VIRTUAL_ROUTE_DT,VIRTUAL_ROUTE_LEG.VIRTUAL_ROUTE_DT,,,,,,,,,,,,,,,,,,,,,
,LEG_DEST_LOC_CD,string,VRTL_RTE_LEG.LEG_DEST_LOC_CD,VIRTUAL_ROUTE_LEG.LEG_DEST_LOC_CD,,,,,,,,,,,,,,,,,,,,,
,LEG_ORIG_LOC_CD,string,VRTL_RTE_LEG.LEG_ORIG_LOC_CD,VIRTUAL_ROUTE_LEG.LEG_ORIG_LOC_CD,,,,,,,,,,,,,,,,,,,,,
,ARRIVAL_GMT_TMSTP,dateTime,VRTL_RTE_LEG.ARRIVAL_GMT_TMSTP,VIRTUAL_ROUTE_LEG.ARRIVAL_GMT_TMSTP,,,,,,,,,,,,,,,,,,,,,
,ARRIVAL_LOCAL_TMSTP,dateTime,VRTL_RTE_LEG.ARRIVAL_LOCAL_TMSTP,VIRTUAL_ROUTE_LEG.ARRIVAL_LOCAL_TMSTP,,,,,,,,,,,,,,,,,,,,,
,BROKER_COMPLETE_FLG,string,VRTL_RTE_LEG.BROKER_COMPLETE_FLG,VIRTUAL_ROUTE_LEG.BROKER_COMPLETE_FLG,,,,,,,,,,,,,,,,,,,,,
,CONVEYANCE_TYPE_CD,string,VRTL_RTE_LEG.CONVEYANCE_TYPE_CD,Not Stored,,,,,,,,,,,,,,,,,,,,,
,CUSTOMS_COMPLETE_FLG,string,VRTL_RTE_LEG.CUSTOMS_COMPLETE_FLG,VIRTUAL_ROUTE_LEG.CUSTOMS_COMPLETE_FLG,,,,,,,,,,,,,,,,,,,,,
,DEPART_GMT_TMSTP,dateTime,VRTL_RTE_LEG.DEPART_GMT_TMSTP,VIRTUAL_ROUTE_LEG.DEPART_GMT_TMSTP,,,,,,,,,,,,,,,,,,,,,
,DEPART_LOCAL_TMSTP,dateTime,VRTL_RTE_LEG.DEPART_LOCAL_TMSTP,VIRTUAL_ROUTE_LEG.DEPART_LOCAL_TMSTP,,,,,,,,,,,,,,,,,,,,,
,LEG_ORIGIN_COUNTRY_CD,string,VRTL_RTE_LEG.LEG_ORIGIN_COUNTRY_CD,VIRTUAL_ROUTE_LEG.LEG_ORIGIN_COUNTRY_CD,,,,,,,,,,,,,,,,,,,,,
,LEG_DEST_COUNTRY_CD,string,VRTL_RTE_LEG.LEG_DEST_COUNTRY_CD,VIRTUAL_ROUTE_LEG.LEG_DEST_COUNTRY_CD,,,,,,,,,,,,,,,,,,,,,
,SCHED_ARRIVAL_DT,date,VRTL_RTE_LEG.SCHED_ARRIVAL_DT,VIRTUAL_ROUTE_LEG.SCHED_ARRIVAL_DT,,,,,,,,,,,,,,,,,,,,,
,SCHED_ROUTE_LEG_ORIG_LOC_CD,string,VRTL_RTE_LEG.SCHED_ROUTE_LEG_ORIG_LOC_CD,VIRTUAL_ROUTE_LEG.SCHED_ROUTE_LEG_ORIG_LOC_CD,,,,,,,,,,,,,,,,,,,,,
,SCHED_ROUTE_LEG_DEST_LOC_CD,string,VRTL_RTE_LEG.SCHED_ROUTE_LEG_DEST_LOC_CD,VIRTUAL_ROUTE_LEG.SCHED_ROUTE_LEG_DEST_LOC_CD,,,,,,,,,,,,,,,,,,,,,
,SCHED_ROUTE_DEPARTURE_DT,date,VRTL_RTE_LEG.SCHED_DEPARTURE_DT,VIRTUAL_ROUTE_LEG.SCHED_ROUTE_DEPARTURE_DT,,,,,,,,,,,,,,,,,,,,,
,SCHED_ROUTE_LEG_DPTR_DT,date,VRTL_RTE_LEG.SCHED_ROUTE_LEG_DPTR_DT,VIRTUAL_ROUTE_LEG.SCHED_ROUTE_LEG_DPTR_DT,,,,,,,,,,,,,,,,,,,,,
,SCHED_ROUTE_NBR,string,VRTL_RTE_LEG.SCHED_ROUTE_NBR,VIRTUAL_ROUTE_LEG.SCHED_ROUTE_NBR,,,,,,,,,,,,,,,,,,,,,
,SORT_DT,date,VRTL_RTE_LEG.SORT_DT,VIRTUAL_ROUTE_LEG.SORT_DT,,,,,,,,,,,,,,,,,,,,,
,TAIL_NBR,string,VRTL_RTE_LEG.TAIL_NBR,VIRTUAL_ROUTE_LEG.TAIL_NBR,,,,,,,,,,,,,,,,,,,,,
,VIRTUAL_ROUTE_LEG_NBR,int,VRTL_RTE_LEG.VIRTUAL_ROUTE_LEG_NBR,VIRTUAL_ROUTE_LEG.VIRTUAL_ROUTE_LEG_NBR,,,,,,,,,,,,,,,,,,,,,
,VIRTUAL_ROUTE_LOCKED_FLG,string,VRTL_RTE_LEG.VIRTUAL_ROUTE_LOCKED_FLG,VIRTUAL_ROUTE_LEG.VIRTUAL_ROUTE_LOCKED_FLG,,,,,,,,,,,,,,,,,,,,,
,FLIGHT_NBR_OBS,string,,Not Stored,,,,,,,,,,,,,,,,,,,,,
,DOWNLOAD_FLG,string,,VIRTUAL_ROUTE_LEG.DOWNLOAD_FLG,,,,,,,,,,,,,,,,,,,,,
,CARRIER_CD,string,,VIRTUAL_ROUTE_LEG.CARRIER_CD,,,,,,,,,,,,,,,,,,,,,
,ETL_TMSTP,dateTime,,Not Stored,,,,,,,,,,,,,,,,,,,,,
,,,,,,,,,,,,,,,,,,,,,,,,,
,,,,,,,,,,,,,,,,,,,,,,,,,
"<shipmentCurrency> currency conversion, per country/CA",,,,,,,,,,,,,,,,,,,,,,,,,
,XML Field,Type,CBS Storage,Classify Storage,Notes,,,,,,,,,,,,,,,,,,,,
,LOCAL_SHIPMENT_OID_NBR,long,Not Stored,SHIPMENT.LOCAL_SHIPMENT_OID_NBR,,,,,,,,,,,,,,,,,,,,,
,CONVERSION_BASIS_COUNTRY_CD,string,CORPORATE_SHIPMENT.CONVERSION_BASIS_COUNTRY_CD,SHIPMENT (Logic),Used to determine currency conversion logic.,,,,,,,,,,,,,,,,,,,,
,CONVERSION_TABLE_COUNTRY_CD,string,CORPORATE_SHIPMENT.CONVERSION_TABLE_COUNTRY_CD,SHIPMENT (Logic),,,,,,,,,,,,,,,,,,,,,
,IATA_CURRENCY_CD,string,CORPORATE_SHIPMENT fields,SHIPMENT fields,"Used to populate LOCAL_CUSTOMS_CURRENCY_CD, DEST_CUSTOMS_CURRENCY_CD etc.",,,,,,,,,,,,,,,,,,,,
,ISO_CURRENCY_CD,string,CORPORATE_SHIPMENT fields,SHIPMENT fields,,,,,,,,,,,,,,,,,,,,,
,SHIP_DT_CURRENCY_VALUE_AMT,double,CORPORATE_SHIPMENT fields,SHIPMENT.LOCAL_CUSTOMS_VALUE_AMT,Converted/Mapped value.,,,,,,,,,,,,,,,,,,,,
,SHIP_DT_CURRENCY_DT,date,CORPORATE_SHIPMENT fields,SHIPMENT.SHIP_DT (Logic),,,,,,,,,,,,,,,,,,,,,
,,,,,,,,,,,,,,,,,,,,,,,,,
,,,,,,,,,,,,,,,,,,,,,,,,,
,XML Field,Type,CBS Storage,Classify Storage,Notes,,,,,,,,,,,,,,,,,,,,
,OID_NBR,long,CORPORATE_SPECIAL_HANDLING.OID_NBR,SPECIAL_HANDLING.OID_NBR,PK/FK,,,,,,,,,,,,,,,,,,,,
,OID_TYPE_CD,string,CORPORATE_SPECIAL_HANDLING.OID_TYPE_CD,SPECIAL_HANDLING.OID_TYPE_CD,,,,,,,,,,,,,,,,,,,,,
,SPECIAL_HANDLING_CD,string,CORPORATE_SPECIAL_HANDLING.SPECIAL_HANDLING_CD,SPECIAL_HANDLING.SPECIAL_HANDLING_CD,,,,,,,,,,,,,,,,,,,,,
,,,,,,,,,,,,,,,,,,,,,,,,,
<extraData>,,,,,,,,,,,,,,,,,,,,,,,,,
,XML Field (Key),Type,CBS Storage,Classify Storage,Notes,,,,,,,,,,,,,,,,,,,,
,MsrShipmentOidNbr,string,UID_XREF.UID_NUMBER,,Mapped in CBS translateMdeCorporateUidXref.,,,,,,,,,,,,,,,,,,,,
,AdmissibilityModeNm,string,SHIPMENT.ADMISSIBILITY_MODE,SHIPMENT.ADMISSIBILITY_MODE,,,,,,,,,,,,,,,,,,,,,
,PrevAdmissibilityModeNm,string,Not Stored,SHIPMENT.PREV_ADMISSIBILITY_MODE,,,,,,,,,,,,,,,,,,,,,
,CargoControlNbr,string,SHIPMENT.CARGOCONTROLNBR,SHIPMENT.CARGOCONTROLNBR,,,,,,,,,,,,,,,,,,,,,
,PortOfExitNm,string,Not Stored,SHIPMENT.PORTOFEXIT,,,,,,,,,,,,,,,,,,,,,
,WarehouseCd,string,Not Stored,SHIPMENT.WAREHOUSECODE,,,,,,,,,,,,,,,,,,,,,
,PortOfEntryNm,string,Not Stored,SHIPMENT.PORTOFENTRY,,,,,,,,,,,,,,,,,,,,,
,SurfaceIntlShipmentNbr,string,Not Stored,SHIPMENT.SURFACE_INTL_SHIPMENT_NBR,,,,,,,,,,,,,,,,,,,,,
,MdeTypeService,string,SHIPMENT.SERVICE_CD,,,,,,,,,,,,,,,,,,,,,,
,,,,,,,,,,,,,,,,,,,,,,,,,
,,,,,,,,,,,,,,,,,,,,,,,,,
,,,,,,,,,,,,,,,,,,,,,,,,,
,,,,,,,,,,,,,,,,,,,,,,,,,
,,,,,,,,,,,,,,,,,,,,,,,,,
,,,,,,,,,,,,,,,,,,,,,,,,,
,,,,,,,,,,,,,,,,,,,,,,,,,
,,,,,,,,,,,,,,,,,,,,,,,,,
,,,,,,,,,,,,,,,,,,,,,,,,,
,,,,,,,,,,,,,,,,,,,,,,,,,
,,,,,,,,,,,,,,,,,,,,,,,,,
,,,,,,,,,,,,,,,,,,,,,,,,,
,,,,,,,,,,,,,,,,,,,,,,,,,
,,,,,,,,,,,,,,,,,,,,,,,,,
,,,,,,,,,,,,,,,,,,,,,,,,,
,,,,,,,,,,,,,,,,,,,,,,,,,
,,,,,,,,,,,,,,,,,,,,,,,,,
,,,,,,,,,,,,,,,,,,,,,,,,,
,,,,,,,,,,,,,,,,,,,,,,,,,
,,,,,,,,,,,,,,,,,,,,,,,,,
,,,,,,,,,,,,,,,,,,,,,,,,,
,,,,,,,,,,,,,,,,,,,,,,,,,
,,,,,,,,,,,,,,,,,,,,,,,,,
,,,,,,,,,,,,,,,,,,,,,,,,,
,,,,,,,,,,,,,,,,,,,,,,,,,
,,,,,,,,,,,,,,,,,,,,,,,,,
,,,,,,,,,,,,,,,,,,,,,,,,,
,,,,,,,,,,,,,,,,,,,,,,,,,
,,,,,,,,,,,,,,,,,,,,,,,,,
,,,,,,,,,,,,,,,,,,,,,,,,,
,,,,,,,,,,,,,,,,,,,,,,,,,
,,,,,,,,,,,,,,,,,,,,,,,,,
,,,,,,,,,,,,,,,,,,,,,,,,,
,,,,,,,,,,,,,,,,,,,,,,,,,
,,,,,,,,,,,,,,,,,,,,,,,,,
,,,,,,,,,,,,,,,,,,,,,,,,,
,,,,,,,,,,,,,,,,,,,,,,,,,
,,,,,,,,,,,,,,,,,,,,,,,,,
,,,,,,,,,,,,,,,,,,,,,,,,,
,,,,,,,,,,,,,,,,,,,,,,,,,
,,,,,,,,,,,,,,,,,,,,,,,,,
,,,,,,,,,,,,,,,,,,,,,,,,,
,,,,,,,,,,,,,,,,,,,,,,,,,
,,,,,,,,,,,,,,,,,,,,,,,,,
,,,,,,,,,,,,,,,,,,,,,,,,,
,,,,,,,,,,,,,,,,,,,,,,,,,
,,,,,,,,,,,,,,,,,,,,,,,,,
,,,,,,,,,,,,,,,,,,,,,,,,,
,,,,,,,,,,,,,,,,,,,,,,,,,
,,,,,,,,,,,,,,,,,,,,,,,,,
,,,,,,,,,,,,,,,,,,,,,,,,,
,,,,,,,,,,,,,,,,,,,,,,,,,
,,,,,,,,,,,,,,,,,,,,,,,,,
,,,,,,,,,,,,,,,,,,,,,,,,,
,,,,,,,,,,,,,,,,,,,,,,,,,
,,,,,,,,,,,,,,,,,,,,,,,,,
,,,,,,,,,,,,,,,,,,,,,,,,,
,,,,,,,,,,,,,,,,,,,,,,,,,
,,,,,,,,,,,,,,,,,,,,,,,,,
,,,,,,,,,,,,,,,,,,,,,,,,,
,,,,,,,,,,,,,,,,,,,,,,,,,
,,,,,,,,,,,,,,,,,,,,,,,,,
,,,,,,,,,,,,,,,,,,,,,,,,,
,,,,,,,,,,,,,,,,,,,,,,,,,
,,,,,,,,,,,,,,,,,,,,,,,,,
,,,,,,,,,,,,,,,,,,,,,,,,,
,,,,,,,,,,,,,,,,,,,,,,,,,
,,,,,,,,,,,,,,,,,,,,,,,,,
,,,,,,,,,,,,,,,,,,,,,,,,,
,,,,,,,,,,,,,,,,,,,,,,,,,
,,,,,,,,,,,,,,,,,,,,,,,,,
,,,,,,,,,,,,,,,,,,,,,,,,,
,,,,,,,,,,,,,,,,,,,,,,,,,
,,,,,,,,,,,,,,,,,,,,,,,,,
,,,,,,,,,,,,,,,,,,,,,,,,,
,,,,,,,,,,,,,,,,,,,,,,,,,
,,,,,,,,,,,,,,,,,,,,,,,,,
,,,,,,,,,,,,,,,,,,,,,,,,,
,,,,,,,,,,,,,,,,,,,,,,,,,
,,,,,,,,,,,,,,,,,,,,,,,,,
,,,,,,,,,,,,,,,,,,,,,,,,,
,,,,,,,,,,,,,,,,,,,,,,,,,
,,,,,,,,,,,,,,,,,,,,,,,,,
,,,,,,,,,,,,,,,,,,,,,,,,,
,,,,,,,,,,,,,,,,,,,,,,,,,
,,,,,,,,,,,,,,,,,,,,,,,,,
,,,,,,,,,,,,,,,,,,,,,,,,,
,,,,,,,,,,,,,,,,,,,,,,,,,
,,,,,,,,,,,,,,,,,,,,,,,,,
,,,,,,,,,,,,,,,,,,,,,,,,,
,,,,,,,,,,,,,,,,,,,,,,,,,
,,,,,,,,,,,,,,,,,,,,,,,,,
,,,,,,,,,,,,,,,,,,,,,,,,,
,,,,,,,,,,,,,,,,,,,,,,,,,
,,,,,,,,,,,,,,,,,,,,,,,,,
,,,,,,,,,,,,,,,,,,,,,,,,,
,,,,,,,,,,,,,,,,,,,,,,,,,
,,,,,,,,,,,,,,,,,,,,,,,,,
,,,,,,,,,,,,,,,,,,,,,,,,,
,,,,,,,,,,,,,,,,,,,,,,,,,
,,,,,,,,,,,,,,,,,,,,,,,,,
,,,,,,,,,,,,,,,,,,,,,,,,,
,,,,,,,,,,,,,,,,,,,,,,,,,
,,,,,,,,,,,,,,,,,,,,,,,,,
,,,,,,,,,,,,,,,,,,,,,,,,,
,,,,,,,,,,,,,,,,,,,,,,,,,
,,,,,,,,,,,,,,,,,,,,,,,,,
,,,,,,,,,,,,,,,,,,,,,,,,,
,,,,,,,,,,,,,,,,,,,,,,,,,
,,,,,,,,,,,,,,,,,,,,,,,,,
,,,,,,,,,,,,,,,,,,,,,,,,,
,,,,,,,,,,,,,,,,,,,,,,,,,
,,,,,,,,,,,,,,,,,,,,,,,,,
,,,,,,,,,,,,,,,,,,,,,,,,,
,,,,,,,,,,,,,,,,,,,,,,,,,
,,,,,,,,,,,,,,,,,,,,,,,,,
,,,,,,,,,,,,,,,,,,,,,,,,,
,,,,,,,,,,,,,,,,,,,,,,,,,
,,,,,,,,,,,,,,,,,,,,,,,,,
,,,,,,,,,,,,,,,,,,,,,,,,,
,,,,,,,,,,,,,,,,,,,,,,,,,
,,,,,,,,,,,,,,,,,,,,,,,,,
,,,,,,,,,,,,,,,,,,,,,,,,,
,,,,,,,,,,,,,,,,,,,,,,,,,
,,,,,,,,,,,,,,,,,,,,,,,,,
,,,,,,,,,,,,,,,,,,,,,,,,,
,,,,,,,,,,,,,,,,,,,,,,,,,
,,,,,,,,,,,,,,,,,,,,,,,,,
,,,,,,,,,,,,,,,,,,,,,,,,,
,,,,,,,,,,,,,,,,,,,,,,,,,
,,,,,,,,,,,,,,,,,,,,,,,,,
,,,,,,,,,,,,,,,,,,,,,,,,,
,,,,,,,,,,,,,,,,,,,,,,,,,
,,,,,,,,,,,,,,,,,,,,,,,,,
,,,,,,,,,,,,,,,,,,,,,,,,,
,,,,,,,,,,,,,,,,,,,,,,,,,
,,,,,,,,,,,,,,,,,,,,,,,,,
,,,,,,,,,,,,,,,,,,,,,,,,,
,,,,,,,,,,,,,,,,,,,,,,,,,
,,,,,,,,,,,,,,,,,,,,,,,,,
,,,,,,,,,,,,,,,,,,,,,,,,,
,,,,,,,,,,,,,,,,,,,,,,,,,
,,,,,,,,,,,,,,,,,,,,,,,,,
,,,,,,,,,,,,,,,,,,,,,,,,,
,,,,,,,,,,,,,,,,,,,,,,,,,
,,,,,,,,,,,,,,,,,,,,,,,,,
,,,,,,,,,,,,,,,,,,,,,,,,,
,,,,,,,,,,,,,,,,,,,,,,,,,
,,,,,,,,,,,,,,,,,,,,,,,,,
,,,,,,,,,,,,,,,,,,,,,,,,,
,,,,,,,,,,,,,,,,,,,,,,,,,
,,,,,,,,,,,,,,,,,,,,,,,,,
,,,,,,,,,,,,,,,,,,,,,,,,,
,,,,,,,,,,,,,,,,,,,,,,,,,
,,,,,,,,,,,,,,,,,,,,,,,,,
,,,,,,,,,,,,,,,,,,,,,,,,,
,,,,,,,,,,,,,,,,,,,,,,,,,
,,,,,,,,,,,,,,,,,,,,,,,,,
,,,,,,,,,,,,,,,,,,,,,,,,,
,,,,,,,,,,,,,,,,,,,,,,,,,
,,,,,,,,,,,,,,,,,,,,,,,,,
,,,,,,,,,,,,,,,,,,,,,,,,,
,,,,,,,,,,,,,,,,,,,,,,,,,
,,,,,,,,,,,,,,,,,,,,,,,,,
,,,,,,,,,,,,,,,,,,,,,,,,,
,,,,,,,,,,,,,,,,,,,,,,,,,
,,,,,,,,,,,,,,,,,,,,,,,,,
,,,,,,,,,,,,,,,,,,,,,,,,,
,,,,,,,,,,,,,,,,,,,,,,,,,
,,,,,,,,,,,,,,,,,,,,,,,,,
,,,,,,,,,,,,,,,,,,,,,,,,,
,,,,,,,,,,,,,,,,,,,,,,,,,
,,,,,,,,,,,,,,,,,,,,,,,,,
,,,,,,,,,,,,,,,,,,,,,,,,,
,,,,,,,,,,,,,,,,,,,,,,,,,
,,,,,,,,,,,,,,,,,,,,,,,,,
,,,,,,,,,,,,,,,,,,,,,,,,,
,,,,,,,,,,,,,,,,,,,,,,,,,
,,,,,,,,,,,,,,,,,,,,,,,,,
,,,,,,,,,,,,,,,,,,,,,,,,,
,,,,,,,,,,,,,,,,,,,,,,,,,
,,,,,,,,,,,,,,,,,,,,,,,,,
,,,,,,,,,,,,,,,,,,,,,,,,,
,,,,,,,,,,,,,,,,,,,,,,,,,
,,,,,,,,,,,,,,,,,,,,,,,,,
,,,,,,,,,,,,,,,,,,,,,,,,,
,,,,,,,,,,,,,,,,,,,,,,,,,
,,,,,,,,,,,,,,,,,,,,,,,,,
,,,,,,,,,,,,,,,,,,,,,,,,,
,,,,,,,,,,,,,,,,,,,,,,,,,
,,,,,,,,,,,,,,,,,,,,,,,,,
,,,,,,,,,,,,,,,,,,,,,,,,,
,,,,,,,,,,,,,,,,,,,,,,,,,
,,,,,,,,,,,,,,,,,,,,,,,,,
,,,,,,,,,,,,,,,,,,,,,,,,,
,,,,,,,,,,,,,,,,,,,,,,,,,
,,,,,,,,,,,,,,,,,,,,,,,,,
,,,,,,,,,,,,,,,,,,,,,,,,,
,,,,,,,,,,,,,,,,,,,,,,,,,
,,,,,,,,,,,,,,,,,,,,,,,,,
,,,,,,,,,,,,,,,,,,,,,,,,,
,,,,,,,,,,,,,,,,,,,,,,,,,
,,,,,,,,,,,,,,,,,,,,,,,,,
,,,,,,,,,,,,,,,,,,,,,,,,,
,,,,,,,,,,,,,,,,,,,,,,,,,
,,,,,,,,,,,,,,,,,,,,,,,,,
,,,,,,,,,,,,,,,,,,,,,,,,,
,,,,,,,,,,,,,,,,,,,,,,,,,
,,,,,,,,,,,,,,,,,,,,,,,,,
,,,,,,,,,,,,,,,,,,,,,,,,,
,,,,,,,,,,,,,,,,,,,,,,,,,
,,,,,,,,,,,,,,,,,,,,,,,,,
,,,,,,,,,,,,,,,,,,,,,,,,,
,,,,,,,,,,,,,,,,,,,,,,,,,
,,,,,,,,,,,,,,,,,,,,,,,,,
,,,,,,,,,,,,,,,,,,,,,,,,,
,,,,,,,,,,,,,,,,,,,,,,,,,
,,,,,,,,,,,,,,,,,,,,,,,,,
,,,,,,,,,,,,,,,,,,,,,,,,,
,,,,,,,,,,,,,,,,,,,,,,,,,
,,,,,,,,,,,,,,,,,,,,,,,,,
,,,,,,,,,,,,,,,,,,,,,,,,,
,,,,,,,,,,,,,,,,,,,,,,,,,
,,,,,,,,,,,,,,,,,,,,,,,,,
,,,,,,,,,,,,,,,,,,,,,,,,,
,,,,,,,,,,,,,,,,,,,,,,,,,
,,,,,,,,,,,,,,,,,,,,,,,,,
,,,,,,,,,,,,,,,,,,,,,,,,,
,,,,,,,,,,,,,,,,,,,,,,,,,
,,,,,,,,,,,,,,,,,,,,,,,,,
,,,,,,,,,,,,,,,,,,,,,,,,,
,,,,,,,,,,,,,,,,,,,,,,,,,
,,,,,,,,,,,,,,,,,,,,,,,,,
,,,,,,,,,,,,,,,,,,,,,,,,,
,,,,,,,,,,,,,,,,,,,,,,,,,
,,,,,,,,,,,,,,,,,,,,,,,,,
,,,,,,,,,,,,,,,,,,,,,,,,,
,,,,,,,,,,,,,,,,,,,,,,,,,
,,,,,,,,,,,,,,,,,,,,,,,,,
,,,,,,,,,,,,,,,,,,,,,,,,,
,,,,,,,,,,,,,,,,,,,,,,,,,
,,,,,,,,,,,,,,,,,,,,,,,,,
,,,,,,,,,,,,,,,,,,,,,,,,,
,,,,,,,,,,,,,,,,,,,,,,,,,
,,,,,,,,,,,,,,,,,,,,,,,,,
,,,,,,,,,,,,,,,,,,,,,,,,,
,,,,,,,,,,,,,,,,,,,,,,,,,
,,,,,,,,,,,,,,,,,,,,,,,,,
,,,,,,,,,,,,,,,,,,,,,,,,,
,,,,,,,,,,,,,,,,,,,,,,,,,
,,,,,,,,,,,,,,,,,,,,,,,,,
,,,,,,,,,,,,,,,,,,,,,,,,,
,,,,,,,,,,,,,,,,,,,,,,,,,
,,,,,,,,,,,,,,,,,,,,,,,,,
,,,,,,,,,,,,,,,,,,,,,,,,,
,,,,,,,,,,,,,,,,,,,,,,,,,
,,,,,,,,,,,,,,,,,,,,,,,,,
,,,,,,,,,,,,,,,,,,,,,,,,,
,,,,,,,,,,,,,,,,,,,,,,,,,
,,,,,,,,,,,,,,,,,,,,,,,,,
,,,,,,,,,,,,,,,,,,,,,,,,,
,,,,,,,,,,,,,,,,,,,,,,,,,
,,,,,,,,,,,,,,,,,,,,,,,,,
,,,,,,,,,,,,,,,,,,,,,,,,,
,,,,,,,,,,,,,,,,,,,,,,,,,
,,,,,,,,,,,,,,,,,,,,,,,,,
,,,,,,,,,,,,,,,,,,,,,,,,,
,,,,,,,,,,,,,,,,,,,,,,,,,
,,,,,,,,,,,,,,,,,,,,,,,,,
,,,,,,,,,,,,,,,,,,,,,,,,,
,,,,,,,,,,,,,,,,,,,,,,,,,
,,,,,,,,,,,,,,,,,,,,,,,,,
,,,,,,,,,,,,,,,,,,,,,,,,,
,,,,,,,,,,,,,,,,,,,,,,,,,
,,,,,,,,,,,,,,,,,,,,,,,,,
,,,,,,,,,,,,,,,,,,,,,,,,,
,,,,,,,,,,,,,,,,,,,,,,,,,
,,,,,,,,,,,,,,,,,,,,,,,,,
,,,,,,,,,,,,,,,,,,,,,,,,,
,,,,,,,,,,,,,,,,,,,,,,,,,
,,,,,,,,,,,,,,,,,,,,,,,,,
,,,,,,,,,,,,,,,,,,,,,,,,,
,,,,,,,,,,,,,,,,,,,,,,,,,
,,,,,,,,,,,,,,,,,,,,,,,,,
,,,,,,,,,,,,,,,,,,,,,,,,,
,,,,,,,,,,,,,,,,,,,,,,,,,
,,,,,,,,,,,,,,,,,,,,,,,,,
,,,,,,,,,,,,,,,,,,,,,,,,,
,,,,,,,,,,,,,,,,,,,,,,,,,
,,,,,,,,,,,,,,,,,,,,,,,,,
,,,,,,,,,,,,,,,,,,,,,,,,,
,,,,,,,,,,,,,,,,,,,,,,,,,
,,,,,,,,,,,,,,,,,,,,,,,,,
,,,,,,,,,,,,,,,,,,,,,,,,,
,,,,,,,,,,,,,,,,,,,,,,,,,
,,,,,,,,,,,,,,,,,,,,,,,,,
,,,,,,,,,,,,,,,,,,,,,,,,,
,,,,,,,,,,,,,,,,,,,,,,,,,
,,,,,,,,,,,,,,,,,,,,,,,,,
,,,,,,,,,,,,,,,,,,,,,,,,,
,,,,,,,,,,,,,,,,,,,,,,,,,
,,,,,,,,,,,,,,,,,,,,,,,,,
,,,,,,,,,,,,,,,,,,,,,,,,,
,,,,,,,,,,,,,,,,,,,,,,,,,
,,,,,,,,,,,,,,,,,,,,,,,,,
,,,,,,,,,,,,,,,,,,,,,,,,,
,,,,,,,,,,,,,,,,,,,,,,,,,
,,,,,,,,,,,,,,,,,,,,,,,,,
,,,,,,,,,,,,,,,,,,,,,,,,,
,,,,,,,,,,,,,,,,,,,,,,,,,
,,,,,,,,,,,,,,,,,,,,,,,,,
,,,,,,,,,,,,,,,,,,,,,,,,,
,,,,,,,,,,,,,,,,,,,,,,,,,
,,,,,,,,,,,,,,,,,,,,,,,,,
,,,,,,,,,,,,,,,,,,,,,,,,,
,,,,,,,,,,,,,,,,,,,,,,,,,
,,,,,,,,,,,,,,,,,,,,,,,,,
,,,,,,,,,,,,,,,,,,,,,,,,,
,,,,,,,,,,,,,,,,,,,,,,,,,
,,,,,,,,,,,,,,,,,,,,,,,,,
,,,,,,,,,,,,,,,,,,,,,,,,,
,,,,,,,,,,,,,,,,,,,,,,,,,
,,,,,,,,,,,,,,,,,,,,,,,,,
,,,,,,,,,,,,,,,,,,,,,,,,,
,,,,,,,,,,,,,,,,,,,,,,,,,
,,,,,,,,,,,,,,,,,,,,,,,,,
,,,,,,,,,,,,,,,,,,,,,,,,,
,,,,,,,,,,,,,,,,,,,,,,,,,
,,,,,,,,,,,,,,,,,,,,,,,,,
,,,,,,,,,,,,,,,,,,,,,,,,,
,,,,,,,,,,,,,,,,,,,,,,,,,
,,,,,,,,,,,,,,,,,,,,,,,,,
,,,,,,,,,,,,,,,,,,,,,,,,,
,,,,,,,,,,,,,,,,,,,,,,,,,
,,,,,,,,,,,,,,,,,,,,,,,,,
,,,,,,,,,,,,,,,,,,,,,,,,,
,,,,,,,,,,,,,,,,,,,,,,,,,
,,,,,,,,,,,,,,,,,,,,,,,,,
,,,,,,,,,,,,,,,,,,,,,,,,,
,,,,,,,,,,,,,,,,,,,,,,,,,
,,,,,,,,,,,,,,,,,,,,,,,,,
,,,,,,,,,,,,,,,,,,,,,,,,,
,,,,,,,,,,,,,,,,,,,,,,,,,
,,,,,,,,,,,,,,,,,,,,,,,,,
,,,,,,,,,,,,,,,,,,,,,,,,,
,,,,,,,,,,,,,,,,,,,,,,,,,
,,,,,,,,,,,,,,,,,,,,,,,,,
,,,,,,,,,,,,,,,,,,,,,,,,,
,,,,,,,,,,,,,,,,,,,,,,,,,
,,,,,,,,,,,,,,,,,,,,,,,,,
,,,,,,,,,,,,,,,,,,,,,,,,,
,,,,,,,,,,,,,,,,,,,,,,,,,
,,,,,,,,,,,,,,,,,,,,,,,,,
,,,,,,,,,,,,,,,,,,,,,,,,,
,,,,,,,,,,,,,,,,,,,,,,,,,
,,,,,,,,,,,,,,,,,,,,,,,,,
,,,,,,,,,,,,,,,,,,,,,,,,,
,,,,,,,,,,,,,,,,,,,,,,,,,
,,,,,,,,,,,,,,,,,,,,,,,,,
,,,,,,,,,,,,,,,,,,,,,,,,,
,,,,,,,,,,,,,,,,,,,,,,,,,
,,,,,,,,,,,,,,,,,,,,,,,,,
,,,,,,,,,,,,,,,,,,,,,,,,,
,,,,,,,,,,,,,,,,,,,,,,,,,
,,,,,,,,,,,,,,,,,,,,,,,,,
,,,,,,,,,,,,,,,,,,,,,,,,,
,,,,,,,,,,,,,,,,,,,,,,,,,
,,,,,,,,,,,,,,,,,,,,,,,,,
,,,,,,,,,,,,,,,,,,,,,,,,,
,,,,,,,,,,,,,,,,,,,,,,,,,
,,,,,,,,,,,,,,,,,,,,,,,,,
,,,,,,,,,,,,,,,,,,,,,,,,,
,,,,,,,,,,,,,,,,,,,,,,,,,
,,,,,,,,,,,,,,,,,,,,,,,,,
,,,,,,,,,,,,,,,,,,,,,,,,,
,,,,,,,,,,,,,,,,,,,,,,,,,
,,,,,,,,,,,,,,,,,,,,,,,,,
,,,,,,,,,,,,,,,,,,,,,,,,,
,,,,,,,,,,,,,,,,,,,,,,,,,
,,,,,,,,,,,,,,,,,,,,,,,,,
,,,,,,,,,,,,,,,,,,,,,,,,,
,,,,,,,,,,,,,,,,,,,,,,,,,
,,,,,,,,,,,,,,,,,,,,,,,,,
,,,,,,,,,,,,,,,,,,,,,,,,,
,,,,,,,,,,,,,,,,,,,,,,,,,
,,,,,,,,,,,,,,,,,,,,,,,,,
,,,,,,,,,,,,,,,,,,,,,,,,,
,,,,,,,,,,,,,,,,,,,,,,,,,
,,,,,,,,,,,,,,,,,,,,,,,,,
,,,,,,,,,,,,,,,,,,,,,,,,,
,,,,,,,,,,,,,,,,,,,,,,,,,
,,,,,,,,,,,,,,,,,,,,,,,,,
,,,,,,,,,,,,,,,,,,,,,,,,,
,,,,,,,,,,,,,,,,,,,,,,,,,
,,,,,,,,,,,,,,,,,,,,,,,,,
,,,,,,,,,,,,,,,,,,,,,,,,,
,,,,,,,,,,,,,,,,,,,,,,,,,
,,,,,,,,,,,,,,,,,,,,,,,,,
,,,,,,,,,,,,,,,,,,,,,,,,,
,,,,,,,,,,,,,,,,,,,,,,,,,
,,,,,,,,,,,,,,,,,,,,,,,,,
,,,,,,,,,,,,,,,,,,,,,,,,,
,,,,,,,,,,,,,,,,,,,,,,,,,
,,,,,,,,,,,,,,,,,,,,,,,,,
,,,,,,,,,,,,,,,,,,,,,,,,,
,,,,,,,,,,,,,,,,,,,,,,,,,
,,,,,,,,,,,,,,,,,,,,,,,,,
,,,,,,,,,,,,,,,,,,,,,,,,,
,,,,,,,,,,,,,,,,,,,,,,,,,
,,,,,,,,,,,,,,,,,,,,,,,,,
,,,,,,,,,,,,,,,,,,,,,,,,,
,,,,,,,,,,,,,,,,,,,,,,,,,
,,,,,,,,,,,,,,,,,,,,,,,,,
,,,,,,,,,,,,,,,,,,,,,,,,,
,,,,,,,,,,,,,,,,,,,,,,,,,
,,,,,,,,,,,,,,,,,,,,,,,,,
,,,,,,,,,,,,,,,,,,,,,,,,,
,,,,,,,,,,,,,,,,,,,,,,,,,
,,,,,,,,,,,,,,,,,,,,,,,,,
,,,,,,,,,,,,,,,,,,,,,,,,,
,,,,,,,,,,,,,,,,,,,,,,,,,
,,,,,,,,,,,,,,,,,,,,,,,,,
,,,,,,,,,,,,,,,,,,,,,,,,,
,,,,,,,,,,,,,,,,,,,,,,,,,
,,,,,,,,,,,,,,,,,,,,,,,,,
,,,,,,,,,,,,,,,,,,,,,,,,,
,,,,,,,,,,,,,,,,,,,,,,,,,
,,,,,,,,,,,,,,,,,,,,,,,,,
,,,,,,,,,,,,,,,,,,,,,,,,,
,,,,,,,,,,,,,,,,,,,,,,,,,
,,,,,,,,,,,,,,,,,,,,,,,,,
,,,,,,,,,,,,,,,,,,,,,,,,,
,,,,,,,,,,,,,,,,,,,,,,,,,
,,,,,,,,,,,,,,,,,,,,,,,,,
,,,,,,,,,,,,,,,,,,,,,,,,,
,,,,,,,,,,,,,,,,,,,,,,,,,
,,,,,,,,,,,,,,,,,,,,,,,,,
,,,,,,,,,,,,,,,,,,,,,,,,,
,,,,,,,,,,,,,,,,,,,,,,,,,
,,,,,,,,,,,,,,,,,,,,,,,,,
,,,,,,,,,,,,,,,,,,,,,,,,,
,,,,,,,,,,,,,,,,,,,,,,,,,
,,,,,,,,,,,,,,,,,,,,,,,,,
,,,,,,,,,,,,,,,,,,,,,,,,,
,,,,,,,,,,,,,,,,,,,,,,,,,
,,,,,,,,,,,,,,,,,,,,,,,,,
,,,,,,,,,,,,,,,,,,,,,,,,,
,,,,,,,,,,,,,,,,,,,,,,,,,
,,,,,,,,,,,,,,,,,,,,,,,,,
,,,,,,,,,,,,,,,,,,,,,,,,,
,,,,,,,,,,,,,,,,,,,,,,,,,
,,,,,,,,,,,,,,,,,,,,,,,,,
,,,,,,,,,,,,,,,,,,,,,,,,,
,,,,,,,,,,,,,,,,,,,,,,,,,
,,,,,,,,,,,,,,,,,,,,,,,,,
,,,,,,,,,,,,,,,,,,,,,,,,,
,,,,,,,,,,,,,,,,,,,,,,,,,
,,,,,,,,,,,,,,,,,,,,,,,,,
,,,,,,,,,,,,,,,,,,,,,,,,,
,,,,,,,,,,,,,,,,,,,,,,,,,
,,,,,,,,,,,,,,,,,,,,,,,,,
,,,,,,,,,,,,,,,,,,,,,,,,,
,,,,,,,,,,,,,,,,,,,,,,,,,
,,,,,,,,,,,,,,,,,,,,,,,,,
,,,,,,,,,,,,,,,,,,,,,,,,,
,,,,,,,,,,,,,,,,,,,,,,,,,
,,,,,,,,,,,,,,,,,,,,,,,,,
,,,,,,,,,,,,,,,,,,,,,,,,,
,,,,,,,,,,,,,,,,,,,,,,,,,
,,,,,,,,,,,,,,,,,,,,,,,,,
,,,,,,,,,,,,,,,,,,,,,,,,,
,,,,,,,,,,,,,,,,,,,,,,,,,
,,,,,,,,,,,,,,,,,,,,,,,,,
,,,,,,,,,,,,,,,,,,,,,,,,,
,,,,,,,,,,,,,,,,,,,,,,,,,
,,,,,,,,,,,,,,,,,,,,,,,,,
,,,,,,,,,,,,,,,,,,,,,,,,,
,,,,,,,,,,,,,,,,,,,,,,,,,
,,,,,,,,,,,,,,,,,,,,,,,,,
,,,,,,,,,,,,,,,,,,,,,,,,,
,,,,,,,,,,,,,,,,,,,,,,,,,
,,,,,,,,,,,,,,,,,,,,,,,,,
,,,,,,,,,,,,,,,,,,,,,,,,,
,,,,,,,,,,,,,,,,,,,,,,,,,
,,,,,,,,,,,,,,,,,,,,,,,,,
,,,,,,,,,,,,,,,,,,,,,,,,,
,,,,,,,,,,,,,,,,,,,,,,,,,
,,,,,,,,,,,,,,,,,,,,,,,,,
,,,,,,,,,,,,,,,,,,,,,,,,,
,,,,,,,,,,,,,,,,,,,,,,,,,
,,,,,,,,,,,,,,,,,,,,,,,,,
,,,,,,,,,,,,,,,,,,,,,,,,,
,,,,,,,,,,,,,,,,,,,,,,,,,
,,,,,,,,,,,,,,,,,,,,,,,,,
,,,,,,,,,,,,,,,,,,,,,,,,,
,,,,,,,,,,,,,,,,,,,,,,,,,
,,,,,,,,,,,,,,,,,,,,,,,,,
,,,,,,,,,,,,,,,,,,,,,,,,,
,,,,,,,,,,,,,,,,,,,,,,,,,
,,,,,,,,,,,,,,,,,,,,,,,,,
,,,,,,,,,,,,,,,,,,,,,,,,,
,,,,,,,,,,,,,,,,,,,,,,,,,
,,,,,,,,,,,,,,,,,,,,,,,,,
,,,,,,,,,,,,,,,,,,,,,,,,,
,,,,,,,,,,,,,,,,,,,,,,,,,
,,,,,,,,,,,,,,,,,,,,,,,,,
,,,,,,,,,,,,,,,,,,,,,,,,,
,,,,,,,,,,,,,,,,,,,,,,,,,
,,,,,,,,,,,,,,,,,,,,,,,,,
,,,,,,,,,,,,,,,,,,,,,,,,,
,,,,,,,,,,,,,,,,,,,,,,,,,
,,,,,,,,,,,,,,,,,,,,,,,,,
,,,,,,,,,,,,,,,,,,,,,,,,,
,,,,,,,,,,,,,,,,,,,,,,,,,
,,,,,,,,,,,,,,,,,,,,,,,,,
,,,,,,,,,,,,,,,,,,,,,,,,,
,,,,,,,,,,,,,,,,,,,,,,,,,
,,,,,,,,,,,,,,,,,,,,,,,,,
,,,,,,,,,,,,,,,,,,,,,,,,,
,,,,,,,,,,,,,,,,,,,,,,,,,
,,,,,,,,,,,,,,,,,,,,,,,,,
,,,,,,,,,,,,,,,,,,,,,,,,,
,,,,,,,,,,,,,,,,,,,,,,,,,
,,,,,,,,,,,,,,,,,,,,,,,,,
,,,,,,,,,,,,,,,,,,,,,,,,,
,,,,,,,,,,,,,,,,,,,,,,,,,
,,,,,,,,,,,,,,,,,,,,,,,,,
,,,,,,,,,,,,,,,,,,,,,,,,,
,,,,,,,,,,,,,,,,,,,,,,,,,
,,,,,,,,,,,,,,,,,,,,,,,,,
,,,,,,,,,,,,,,,,,,,,,,,,,
,,,,,,,,,,,,,,,,,,,,,,,,,
,,,,,,,,,,,,,,,,,,,,,,,,,
,,,,,,,,,,,,,,,,,,,,,,,,,
,,,,,,,,,,,,,,,,,,,,,,,,,
,,,,,,,,,,,,,,,,,,,,,,,,,
,,,,,,,,,,,,,,,,,,,,,,,,,
,,,,,,,,,,,,,,,,,,,,,,,,,
,,,,,,,,,,,,,,,,,,,,,,,,,
,,,,,,,,,,,,,,,,,,,,,,,,,
,,,,,,,,,,,,,,,,,,,,,,,,,
,,,,,,,,,,,,,,,,,,,,,,,,,
,,,,,,,,,,,,,,,,,,,,,,,,,
,,,,,,,,,,,,,,,,,,,,,,,,,
,,,,,,,,,,,,,,,,,,,,,,,,,
,,,,,,,,,,,,,,,,,,,,,,,,,
,,,,,,,,,,,,,,,,,,,,,,,,,
,,,,,,,,,,,,,,,,,,,,,,,,,
,,,,,,,,,,,,,,,,,,,,,,,,,
,,,,,,,,,,,,,,,,,,,,,,,,,
,,,,,,,,,,,,,,,,,,,,,,,,,
,,,,,,,,,,,,,,,,,,,,,,,,,
,,,,,,,,,,,,,,,,,,,,,,,,,
,,,,,,,,,,,,,,,,,,,,,,,,,
,,,,,,,,,,,,,,,,,,,,,,,,,
,,,,,,,,,,,,,,,,,,,,,,,,,
,,,,,,,,,,,,,,,,,,,,,,,,,
,,,,,,,,,,,,,,,,,,,,,,,,,
,,,,,,,,,,,,,,,,,,,,,,,,,
,,,,,,,,,,,,,,,,,,,,,,,,,
,,,,,,,,,,,,,,,,,,,,,,,,,
,,,,,,,,,,,,,,,,,,,,,,,,,
,,,,,,,,,,,,,,,,,,,,,,,,,
,,,,,,,,,,,,,,,,,,,,,,,,,
,,,,,,,,,,,,,,,,,,,,,,,,,
,,,,,,,,,,,,,,,,,,,,,,,,,
,,,,,,,,,,,,,,,,,,,,,,,,,
,,,,,,,,,,,,,,,,,,,,,,,,,
,,,,,,,,,,,,,,,,,,,,,,,,,
,,,,,,,,,,,,,,,,,,,,,,,,,
,,,,,,,,,,,,,,,,,,,,,,,,,
,,,,,,,,,,,,,,,,,,,,,,,,,
,,,,,,,,,,,,,,,,,,,,,,,,,
,,,,,,,,,,,,,,,,,,,,,,,,,
,,,,,,,,,,,,,,,,,,,,,,,,,
,,,,,,,,,,,,,,,,,,,,,,,,,
,,,,,,,,,,,,,,,,,,,,,,,,,
,,,,,,,,,,,,,,,,,,,,,,,,,
,,,,,,,,,,,,,,,,,,,,,,,,,
,,,,,,,,,,,,,,,,,,,,,,,,,
,,,,,,,,,,,,,,,,,,,,,,,,,
,,,,,,,,,,,,,,,,,,,,,,,,,
,,,,,,,,,,,,,,,,,,,,,,,,,
,,,,,,,,,,,,,,,,,,,,,,,,,
,,,,,,,,,,,,,,,,,,,,,,,,,
,,,,,,,,,,,,,,,,,,,,,,,,,
,,,,,,,,,,,,,,,,,,,,,,,,,
,,,,,,,,,,,,,,,,,,,,,,,,,
,,,,,,,,,,,,,,,,,,,,,,,,,
,,,,,,,,,,,,,,,,,,,,,,,,,
,,,,,,,,,,,,,,,,,,,,,,,,,
,,,,,,,,,,,,,,,,,,,,,,,,,
,,,,,,,,,,,,,,,,,,,,,,,,,
,,,,,,,,,,,,,,,,,,,,,,,,,
,,,,,,,,,,,,,,,,,,,,,,,,,
,,,,,,,,,,,,,,,,,,,,,,,,,
,,,,,,,,,,,,,,,,,,,,,,,,,
,,,,,,,,,,,,,,,,,,,,,,,,,
,,,,,,,,,,,,,,,,,,,,,,,,,
,,,,,,,,,,,,,,,,,,,,,,,,,
,,,,,,,,,,,,,,,,,,,,,,,,,
,,,,,,,,,,,,,,,,,,,,,,,,,
,,,,,,,,,,,,,,,,,,,,,,,,,
,,,,,,,,,,,,,,,,,,,,,,,,,
,,,,,,,,,,,,,,,,,,,,,,,,,
,,,,,,,,,,,,,,,,,,,,,,,,,
,,,,,,,,,,,,,,,,,,,,,,,,,
,,,,,,,,,,,,,,,,,,,,,,,,,
,,,,,,,,,,,,,,,,,,,,,,,,,
,,,,,,,,,,,,,,,,,,,,,,,,,
,,,,,,,,,,,,,,,,,,,,,,,,,
,,,,,,,,,,,,,,,,,,,,,,,,,
,,,,,,,,,,,,,,,,,,,,,,,,,
,,,,,,,,,,,,,,,,,,,,,,,,,
,,,,,,,,,,,,,,,,,,,,,,,,,
,,,,,,,,,,,,,,,,,,,,,,,,,
,,,,,,,,,,,,,,,,,,,,,,,,,
,,,,,,,,,,,,,,,,,,,,,,,,,
,,,,,,,,,,,,,,,,,,,,,,,,,
,,,,,,,,,,,,,,,,,,,,,,,,,
,,,,,,,,,,,,,,,,,,,,,,,,,
,,,,,,,,,,,,,,,,,,,,,,,,,
,,,,,,,,,,,,,,,,,,,,,,,,,
,,,,,,,,,,,,,,,,,,,,,,,,,
,,,,,,,,,,,,,,,,,,,,,,,,,
,,,,,,,,,,,,,,,,,,,,,,,,,
,,,,,,,,,,,,,,,,,,,,,,,,,
,,,,,,,,,,,,,,,,,,,,,,,,,
,,,,,,,,,,,,,,,,,,,,,,,,,
,,,,,,,,,,,,,,,,,,,,,,,,,
,,,,,,,,,,,,,,,,,,,,,,,,,
,,,,,,,,,,,,,,,,,,,,,,,,,
,,,,,,,,,,,,,,,,,,,,,,,,,
,,,,,,,,,,,,,,,,,,,,,,,,,
,,,,,,,,,,,,,,,,,,,,,,,,,
,,,,,,,,,,,,,,,,,,,,,,,,,
,,,,,,,,,,,,,,,,,,,,,,,,,
,,,,,,,,,,,,,,,,,,,,,,,,,
,,,,,,,,,,,,,,,,,,,,,,,,,
,,,,,,,,,,,,,,,,,,,,,,,,,
,,,,,,,,,,,,,,,,,,,,,,,,,
,,,,,,,,,,,,,,,,,,,,,,,,,
,,,,,,,,,,,,,,,,,,,,,,,,,
,,,,,,,,,,,,,,,,,,,,,,,,,
,,,,,,,,,,,,,,,,,,,,,,,,,
,,,,,,,,,,,,,,,,,,,,,,,,,
,,,,,,,,,,,,,,,,,,,,,,,,,
,,,,,,,,,,,,,,,,,,,,,,,,,
,,,,,,,,,,,,,,,,,,,,,,,,,
,,,,,,,,,,,,,,,,,,,,,,,,,
,,,,,,,,,,,,,,,,,,,,,,,,,
,,,,,,,,,,,,,,,,,,,,,,,,,
,,,,,,,,,,,,,,,,,,,,,,,,,
,,,,,,,,,,,,,,,,,,,,,,,,,
,,,,,,,,,,,,,,,,,,,,,,,,,
,,,,,,,,,,,,,,,,,,,,,,,,,
,,,,,,,,,,,,,,,,,,,,,,,,,
,,,,,,,,,,,,,,,,,,,,,,,,,
,,,,,,,,,,,,,,,,,,,,,,,,,
,,,,,,,,,,,,,,,,,,,,,,,,,
,,,,,,,,,,,,,,,,,,,,,,,,,
,,,,,,,,,,,,,,,,,,,,,,,,,
,,,,,,,,,,,,,,,,,,,,,,,,,
,,,,,,,,,,,,,,,,,,,,,,,,,
,,,,,,,,,,,,,,,,,,,,,,,,,
,,,,,,,,,,,,,,,,,,,,,,,,,
,,,,,,,,,,,,,,,,,,,,,,,,,
,,,,,,,,,,,,,,,,,,,,,,,,,
,,,,,,,,,,,,,,,,,,,,,,,,,
,,,,,,,,,,,,,,,,,,,,,,,,,
,,,,,,,,,,,,,,,,,,,,,,,,,
,,,,,,,,,,,,,,,,,,,,,,,,,
,,,,,,,,,,,,,,,,,,,,,,,,,
,,,,,,,,,,,,,,,,,,,,,,,,,
,,,,,,,,,,,,,,,,,,,,,,,,,
,,,,,,,,,,,,,,,,,,,,,,,,,
,,,,,,,,,,,,,,,,,,,,,,,,,
,,,,,,,,,,,,,,,,,,,,,,,,,
,,,,,,,,,,,,,,,,,,,,,,,,,
,,,,,,,,,,,,,,,,,,,,,,,,,
,,,,,,,,,,,,,,,,,,,,,,,,,
,,,,,,,,,,,,,,,,,,,,,,,,,
,,,,,,,,,,,,,,,,,,,,,,,,,
,,,,,,,,,,,,,,,,,,,,,,,,,
,,,,,,,,,,,,,,,,,,,,,,,,,
,,,,,,,,,,,,,,,,,,,,,,,,,
,,,,,,,,,,,,,,,,,,,,,,,,,
,,,,,,,,,,,,,,,,,,,,,,,,,
,,,,,,,,,,,,,,,,,,,,,,,,,
,,,,,,,,,,,,,,,,,,,,,,,,,
,,,,,,,,,,,,,,,,,,,,,,,,,
,,,,,,,,,,,,,,,,,,,,,,,,,
,,,,,,,,,,,,,,,,,,,,,,,,,
,,,,,,,,,,,,,,,,,,,,,,,,,
,,,,,,,,,,,,,,,,,,,,,,,,,
,,,,,,,,,,,,,,,,,,,,,,,,,
,,,,,,,,,,,,,,,,,,,,,,,,,
,,,,,,,,,,,,,,,,,,,,,,,,,
,,,,,,,,,,,,,,,,,,,,,,,,,
,,,,,,,,,,,,,,,,,,,,,,,,,
,,,,,,,,,,,,,,,,,,,,,,,,,
,,,,,,,,,,,,,,,,,,,,,,,,,
,,,,,,,,,,,,,,,,,,,,,,,,,
,,,,,,,,,,,,,,,,,,,,,,,,,
,,,,,,,,,,,,,,,,,,,,,,,,,